ESV,2090-37472,49-2019-1,218-2019-1,24-2019-1,287-2019-1,2830-31970,2090-37460,336-2019-1,2090-37483,125-2019-3,2090-37434,161-2019-1,2830-31925,272-2019-1,125-2019-1,2830-31934,125-2019-2,2830-31913,2830-31927,326-2019-1,326-2019-2,326-2019-3
ESV_001506,0,0,0,0,0,0,0,0,0,0,0,10878,0,0,0,0,0,0,0,0,0,0
ESV_001508,0,0,0,0,0,0,0,0,205,0,0,0,9505,0,0,0,0,0,0,0,0,0
ESV_001509,0,0,0,0,0,0,0,0,0,0,0,0,0,1529,0,0,0,0,3780,723,3097,0
ESV_001510,0,0,9172,0,0,0,0,0,0,0,0,0,0,0,0,0,0,0,0,0,0,0
ESV_001512,0,0,0,0,0,0,0,0,0,0,0,0,0,7964,0,0,0,0,0,0,0,0
ESV_001516,0,0,0,0,0,0,0,0,0,4270,0,0,0,0,2611,1045,379,0,0,0,0,0
ESV_001520,6588,0,0,0,0,0,0,0,0,0,0,0,0,0,0,0,0,0,0,0,0,0
ESV_001521,0,0,0,0,0,0,0,0,0,0,0,0,0,0,0,0,0,0,0,1488,292,4748
ESV_001526,0,0,0,0,0,0,0,0,0,0,0,0,0,168,0,119,0,3691,0,0,0,0
ESV_001529,0,0,0,0,0,4943,0,0,0,0,0,0,0,0,0,0,0,0,0,0,0,0
ESV_001533,0,0,0,0,0,0,0,4065,0,0,0,0,0,0,0,0,0,0,0,0,0,0
ESV_001545,0,0,0,0,708,0,0,0,0,0,1593,0,0,0,0,0,0,0,0,0,0,0
ESV_001550,0,0,0,0,0,0,0,0,2172,0,0,0,0,0,0,0,0,0,0,0,0,0
ESV_001552,0,0,0,0,0,0,0,0,0,0,0,0,0,0,0,0,0,0,0,769,1263,0
ESV_001557,0,0,0,0,0,0,0,0,0,0,0,0,0,82,0,0,0,0,0,0,2363,0
ESV_001575,0,0,0,0,0,0,0,0,1320,0,0,0,0,0,0,0,0,0,0,0,0,0
ESV_001577,0,0,0,0,0,0,0,0,0,0,0,0,0,0,0,0,0,0,0,246,1036,27
ESV_001578,0,0,0,0,0,0,1298,0,0,0,0,0,0,0,0,0,0,0,0,0,0,0
ESV_001579,0,0,0,0,0,0,0,1360,0,0,0,0,0,0,0,0,0,0,0,0,0,0
ESV_001581,0,0,0,0,0,0,0,0,0,856,0,0,0,0,0,407,0,0,0,0,0,0
ESV_001583,0,0,0,0,0,0,0,0,0,0,0,0,0,0,0,0,0,673,0,0,732,0
ESV_001584,0,0,0,0,0,0,0,0,0,0,0,0,0,0,0,0,0,0,0,1227,0,0
ESV_001585,0,0,0,0,0,0,0,0,0,584,0,0,0,0,0,813,0,0,0,0,0,0
ESV_001589,0,1410,0,0,0,0,0,0,0,0,0,0,0,0,0,0,0,0,0,0,0,0
ESV_001597,0,0,0,0,1679,0,0,0,0,103,0,0,0,0,0,0,0,0,0,0,8,0
ESV_001600,0,0,0,0,0,0,0,881,0,0,0,0,0,0,0,0,0,0,0,0,0,0
ESV_001602,0,0,0,0,1239,0,0,0,0,0,0,0,0,0,0,0,0,0,0,0,0,0
ESV_001604,0,0,850,0,0,0,0,0,0,0,0,0,0,0,0,0,0,0,0,0,0,0
ESV_001609,0,0,0,0,0,0,0,0,0,0,0,0,0,0,0,0,0,0,0,0,896,133
ESV_001610,0,0,0,0,0,0,0,803,0,0,0,0,0,0,0,0,0,0,0,0,0,0
ESV_001612,790,0,0,0,0,0,0,0,0,0,0,0,0,0,0,0,0,0,0,0,0,0
ESV_001613,0,0,0,864,0,0,0,0,0,0,0,0,0,0,0,0,0,0,0,0,0,0
ESV_001615,0,0,0,802,0,0,0,0,0,0,0,0,0,0,0,0,0,0,0,0,0,0
ESV_001630,0,0,0,0,0,0,0,0,0,0,0,0,0,0,0,0,0,0,0,0,0,635
ESV_001636,0,0,572,0,0,0,0,0,0,0,0,0,0,0,0,0,0,0,0,0,0,0
ESV_001637,0,0,0,569,0,0,0,0,0,0,0,0,0,0,0,0,0,0,0,0,0,0
ESV_001645,0,0,559,0,0,0,0,0,0,0,0,0,0,0,0,0,0,0,0,0,0,0
ESV_001648,0,0,0,0,0,0,0,0,0,0,0,0,0,0,0,0,0,0,0,0,121,422
ESV_001655,0,0,0,0,0,0,0,499,0,0,0,0,0,0,0,0,0,0,0,0,0,0
ESV_001658,0,0,0,0,0,0,0,0,0,0,0,0,0,498,0,0,0,0,0,0,0,0
ESV_001668,0,0,0,0,0,0,0,383,0,0,0,0,0,0,0,0,0,0,0,0,0,0
ESV_001670,0,0,0,0,0,0,0,0,0,0,0,0,0,395,0,0,0,0,0,0,0,0
ESV_001672,0,0,0,0,0,0,0,0,400,0,0,0,0,0,0,0,0,0,0,0,0,0
ESV_001673,0,0,0,0,0,0,0,0,0,0,0,0,0,0,0,0,0,0,0,0,376,0
ESV_001675,0,0,0,0,0,0,0,0,0,181,0,0,0,0,0,188,0,0,0,0,0,0
ESV_001676,0,0,0,0,480,0,0,0,0,0,0,0,0,0,0,0,0,0,0,0,0,0
ESV_001677,362,0,0,0,0,0,0,0,0,0,0,0,0,0,0,0,0,0,0,0,0,0
ESV_001702,0,0,0,0,0,0,0,0,0,365,0,0,0,0,0,0,0,0,0,0,0,0
ESV_001709,0,0,298,0,0,0,0,0,0,0,0,0,0,0,0,0,0,0,0,0,0,0
ESV_001713,0,0,0,0,0,0,0,0,0,0,0,0,0,0,0,0,0,0,0,292,0,0
ESV_001714,0,0,0,0,0,0,0,288,0,0,0,0,0,0,0,0,0,0,0,0,0,0
ESV_001715,0,0,0,0,0,0,0,0,0,0,0,0,0,0,0,0,0,0,0,0,0,291
ESV_001716,0,0,285,0,0,0,0,0,0,0,0,0,0,0,0,0,0,0,0,0,0,0
ESV_001717,0,0,0,289,0,0,0,0,0,0,0,0,0,0,0,0,0,0,0,0,0,0
ESV_001719,0,0,0,0,0,0,0,0,0,0,0,0,0,0,0,0,0,0,0,0,310,0
ESV_001720,0,0,0,0,0,0,0,0,0,0,0,0,0,0,0,0,0,0,0,0,277,0
ESV_001726,0,0,0,267,0,0,0,0,0,0,0,0,0,0,0,0,0,0,0,0,0,0
ESV_001730,0,0,0,0,0,0,0,261,0,0,0,0,0,0,0,0,0,0,0,0,0,0
ESV_001731,0,258,0,0,0,0,0,0,0,0,0,0,0,0,0,0,0,0,0,0,0,0
ESV_001732,0,0,0,0,0,0,0,258,0,0,0,0,0,0,0,0,0,0,0,0,0,0
ESV_001737,0,0,0,0,0,0,0,277,0,0,0,0,0,0,0,0,0,0,0,0,0,0
ESV_001740,0,0,0,0,0,0,0,0,0,0,0,245,0,0,0,0,0,0,0,0,0,0
ESV_001750,0,0,0,0,0,0,0,0,0,0,231,0,0,0,0,0,0,0,0,0,0,0
ESV_001756,0,0,0,0,0,0,0,0,0,0,0,219,0,0,0,0,0,0,0,0,0,0
ESV_001778,140,0,0,0,0,0,0,12,0,0,0,0,0,0,0,0,0,0,0,0,0,98
ESV_001779,0,0,0,0,0,0,0,184,0,0,0,0,0,0,0,0,0,0,0,0,0,0
ESV_001789,0,0,0,0,0,0,0,0,0,0,0,0,0,0,0,0,0,0,0,0,146,25
ESV_001790,0,0,0,0,0,0,0,0,0,0,0,0,0,0,0,0,0,0,0,0,169,0
ESV_001793,0,0,206,0,0,0,0,0,0,0,0,0,0,0,0,0,0,0,0,0,0,0
ESV_001798,0,0,0,0,0,0,0,0,0,0,0,0,0,180,0,0,0,0,0,0,0,0
ESV_001800,0,0,0,0,0,0,0,0,0,0,0,0,0,0,0,0,0,0,0,0,163,0
ESV_001802,0,0,0,0,0,0,0,184,0,0,0,0,0,0,0,0,0,0,0,0,0,0
ESV_001807,0,0,0,0,0,0,0,163,0,0,0,0,0,0,0,0,0,0,0,0,0,0
ESV_001811,0,0,0,0,0,0,0,0,0,0,0,0,98,0,0,0,0,0,0,0,68,0
ESV_001812,0,0,0,0,0,0,0,0,0,0,0,0,0,0,0,0,0,0,0,0,163,0
ESV_001814,0,0,0,0,0,0,0,0,0,0,0,0,0,0,0,0,0,0,0,130,14,9
ESV_001815,0,0,0,0,0,0,0,0,0,0,0,0,154,0,0,0,0,0,0,0,0,0
ESV_001818,152,0,0,0,0,0,0,0,0,0,0,0,0,0,0,0,0,0,0,0,0,0
ESV_001822,0,0,0,0,0,0,0,149,0,0,0,0,0,0,0,0,0,0,0,0,0,0
ESV_001825,0,0,0,0,157,0,0,0,0,0,0,0,0,0,0,0,0,0,0,0,0,0
ESV_001829,0,0,0,0,0,0,0,141,0,0,0,0,0,0,0,0,0,0,0,0,0,0
ESV_001832,0,0,0,0,0,0,0,139,0,0,0,0,0,0,0,0,0,0,0,0,0,0
ESV_001834,0,0,0,0,0,0,0,0,0,0,0,0,0,0,0,0,0,138,0,0,0,0
ESV_001835,0,0,0,0,0,0,0,0,0,0,0,0,0,0,0,0,0,0,0,0,0,138
ESV_001838,0,0,0,0,0,0,0,133,0,0,0,0,0,0,0,0,0,0,0,0,0,0
ESV_001839,0,0,0,0,0,0,0,0,0,75,0,0,0,0,51,20,0,0,0,0,0,0
ESV_001845,127,0,0,0,0,0,0,0,0,0,0,0,0,0,0,0,0,0,0,0,0,0
ESV_001849,0,0,0,0,0,0,0,120,0,0,0,0,0,0,0,0,0,0,0,0,0,0
ESV_001855,0,0,0,0,0,0,0,129,0,0,0,0,0,0,0,0,0,0,0,0,0,0
ESV_001859,0,0,0,0,0,0,0,111,0,0,0,0,0,0,0,0,0,0,0,0,0,0
ESV_001860,0,0,0,0,0,0,0,110,0,0,0,0,0,0,0,0,0,0,0,0,0,0
ESV_001861,0,109,0,0,0,0,0,0,0,0,0,0,0,0,0,0,0,0,0,0,0,0
ESV_001877,0,0,0,0,0,99,0,0,0,0,0,0,0,0,0,0,0,0,0,0,0,0
ESV_001878,0,0,0,0,0,0,0,99,0,0,0,0,0,0,0,0,0,0,0,0,0,0
ESV_001879,0,0,0,0,0,0,0,0,0,0,0,0,0,0,0,0,0,0,0,0,98,0
ESV_001882,0,0,0,0,0,0,0,0,97,0,0,0,0,0,0,0,0,0,0,0,0,0
ESV_001883,0,0,0,0,0,0,0,96,0,0,0,0,0,0,0,0,0,0,0,0,0,0
ESV_001887,96,0,0,0,0,0,0,0,0,0,0,0,0,0,0,0,0,0,0,0,0,0
ESV_001889,0,0,0,0,0,0,0,0,0,49,0,0,0,0,0,45,0,0,0,0,0,0
ESV_001894,0,0,0,0,0,0,0,92,0,0,0,0,0,0,0,0,0,0,0,0,0,0
ESV_001897,0,0,0,0,0,0,0,0,0,91,0,0,0,0,0,0,0,0,0,0,0,0
ESV_001899,0,0,0,0,0,0,0,0,0,90,0,0,0,0,0,0,0,0,0,0,0,0
ESV_001906,0,0,0,0,0,0,0,0,0,0,0,0,0,0,0,0,0,0,0,0,86,0
ESV_001912,0,0,0,0,0,0,0,0,0,0,0,0,0,0,0,84,0,0,0,0,0,0
ESV_001917,0,0,0,0,0,0,0,0,0,83,0,0,0,0,0,0,0,0,0,0,0,0
ESV_001924,0,0,0,0,0,0,0,77,0,0,0,0,0,0,0,0,0,0,0,0,0,0
ESV_001925,0,0,0,0,0,0,0,0,0,0,0,0,0,75,0,0,0,0,0,0,0,0
ESV_001948,0,0,0,0,0,0,0,0,0,0,0,0,0,0,0,0,0,0,0,0,0,68
ESV_001959,0,0,0,0,0,0,0,147,0,0,0,0,0,0,0,0,0,0,0,0,0,0
ESV_001962,0,0,0,0,0,0,0,0,0,0,0,0,0,0,63,0,0,0,0,0,0,0
ESV_001964,0,0,0,0,0,0,0,0,0,0,0,0,0,0,0,0,0,61,0,0,0,0
ESV_001966,0,0,0,0,0,0,0,0,0,0,0,0,0,0,0,0,0,0,0,0,66,0
ESV_001967,0,0,0,0,0,0,0,67,0,0,0,0,0,0,0,0,0,0,0,0,0,0
ESV_001974,0,0,0,0,0,0,0,84,0,0,0,0,0,0,0,0,0,0,0,0,0,0
ESV_001975,0,0,0,0,0,0,0,61,0,0,0,0,0,0,0,0,0,0,0,0,0,0
ESV_001979,0,0,0,0,0,0,0,0,0,0,0,0,0,37,0,0,0,0,0,21,0,0
ESV_001991,0,0,0,0,0,0,0,0,0,0,56,0,0,0,0,0,0,0,0,0,0,0
ESV_001993,0,0,0,0,0,0,0,0,0,0,0,0,0,0,0,0,0,0,0,54,0,0
ESV_002001,0,0,0,0,0,0,0,0,0,0,0,0,0,53,0,0,0,0,0,0,0,0
ESV_002009,0,0,0,0,0,0,0,52,0,0,0,0,0,0,0,0,0,0,0,0,0,0
ESV_002012,0,0,0,0,0,0,0,0,0,0,0,0,0,0,0,0,0,0,0,0,51,0
ESV_002016,0,0,0,0,0,0,0,0,0,0,0,0,0,0,0,0,0,0,0,0,50,0
ESV_002018,0,0,0,0,0,0,0,52,0,0,0,0,0,0,0,0,0,0,0,0,0,0
ESV_002019,0,0,0,0,0,0,0,50,0,0,0,0,0,0,0,0,0,0,0,0,0,0
ESV_002023,0,0,0,0,0,0,0,0,0,0,0,0,0,0,0,50,0,0,0,0,0,0
ESV_002027,0,0,0,0,0,0,0,0,0,0,0,0,52,0,0,0,0,0,0,0,0,0
ESV_002030,0,0,0,0,0,0,0,50,0,0,0,0,0,0,0,0,0,0,0,0,0,0
ESV_002038,0,0,0,0,0,0,0,0,46,0,0,0,0,0,0,0,0,0,0,0,0,0
ESV_002039,0,0,0,0,0,0,0,46,0,0,0,0,0,0,0,0,0,0,0,0,0,0
ESV_002040,0,0,0,0,17,0,0,0,0,0,29,0,0,0,0,0,0,0,0,0,0,0
ESV_002041,0,0,0,0,0,0,0,0,0,0,0,0,0,0,0,0,0,0,0,0,47,0
ESV_002044,0,0,0,0,0,0,0,45,0,0,0,0,0,0,0,0,0,0,0,0,0,0
ESV_002048,0,0,0,0,0,0,0,45,0,0,0,0,0,0,0,0,0,0,0,0,0,0
ESV_002052,0,0,0,0,0,0,0,0,0,0,0,0,0,0,0,0,0,0,0,44,0,0
ESV_002055,0,0,0,0,0,0,0,0,44,0,0,0,0,0,0,0,0,0,0,0,0,0
ESV_002058,0,0,0,0,0,0,0,0,0,0,0,0,0,0,0,0,0,0,0,0,43,0
ESV_002059,0,0,0,0,0,0,0,0,0,0,0,0,0,0,0,42,0,0,0,0,0,0
ESV_002061,0,42,0,0,0,0,0,0,0,0,0,0,0,0,0,0,0,0,0,0,0,0
ESV_002062,0,0,0,0,0,0,0,0,0,0,0,0,0,0,42,0,0,0,0,0,0,0
ESV_002069,0,0,0,0,0,0,0,40,0,0,0,0,0,0,0,0,0,0,0,0,0,0
ESV_002071,0,0,0,0,0,0,0,0,0,0,0,0,0,40,0,0,0,0,0,0,0,0
ESV_002072,0,0,0,0,0,0,0,39,0,0,0,0,0,0,0,0,0,0,0,0,0,0
ESV_002074,0,0,0,0,0,0,0,39,0,0,0,0,0,0,0,0,0,0,0,0,0,0
ESV_002075,0,0,0,0,39,0,0,0,0,0,0,0,0,0,0,0,0,0,0,0,0,0
ESV_002076,0,0,0,0,0,0,0,0,39,0,0,0,0,0,0,0,0,0,0,0,0,0
ESV_002085,38,0,0,0,0,0,0,0,0,0,0,0,0,0,0,0,0,0,0,0,0,0
ESV_002087,0,0,0,0,0,0,0,0,0,0,0,0,0,0,0,43,0,0,0,0,0,0
ESV_002097,0,0,0,0,0,0,0,36,0,0,0,0,0,0,0,0,0,0,0,0,0,0
ESV_002099,0,0,0,0,0,0,0,36,0,0,0,0,0,0,0,0,0,0,0,0,0,0
ESV_002100,0,0,0,0,0,0,0,0,0,0,0,0,0,0,0,0,0,0,0,0,37,0
ESV_002107,0,0,0,0,0,0,0,0,0,0,0,0,0,0,0,0,0,0,0,15,21,0
ESV_002119,0,0,0,0,0,0,0,0,0,0,0,0,0,0,0,0,0,0,0,0,34,0
ESV_002120,0,0,0,0,33,0,0,0,0,0,0,0,0,0,0,0,0,0,0,0,0,0
ESV_002128,0,0,0,0,0,0,0,0,0,0,0,0,0,0,0,0,0,33,0,0,0,0
ESV_002129,0,0,0,0,0,0,0,0,0,0,0,0,0,0,0,0,0,0,0,0,32,0
ESV_002130,0,0,0,0,0,0,0,0,0,0,0,0,0,0,0,0,0,0,0,32,0,0
ESV_002132,0,0,0,0,0,0,0,0,0,0,0,0,0,0,0,0,0,0,0,0,0,32
ESV_002136,0,0,0,0,0,0,0,33,0,0,0,0,0,0,0,0,0,0,0,0,0,0
ESV_002137,0,0,0,0,31,0,0,0,0,0,0,0,0,0,0,0,0,0,0,0,0,0
ESV_002141,0,0,31,0,0,0,0,0,0,0,0,0,0,0,0,0,0,0,0,0,0,0
ESV_002144,0,0,0,0,0,0,0,0,0,0,0,0,0,0,0,0,0,0,0,0,33,0
ESV_002149,0,0,0,0,0,0,0,0,0,0,0,0,0,31,0,0,0,0,0,0,0,0
ESV_002152,0,0,0,0,0,0,0,30,0,0,0,0,0,0,0,0,0,0,0,0,0,0
ESV_002160,0,0,0,0,0,0,0,0,0,0,0,0,0,30,0,0,0,0,0,0,0,0
ESV_002163,0,0,0,0,0,0,0,0,0,0,0,0,0,0,0,0,0,0,0,29,0,0
ESV_002165,0,0,0,0,0,0,0,0,29,0,0,0,0,0,0,0,0,0,0,0,0,0
ESV_002168,0,0,0,0,0,0,0,0,0,0,0,0,0,0,0,0,0,15,0,0,14,0
ESV_002169,0,0,0,0,0,0,0,0,0,0,0,0,0,29,0,0,0,0,0,0,0,0
ESV_002170,0,29,0,0,0,0,0,0,0,0,0,0,0,0,0,0,0,0,0,0,0,0
ESV_002172,0,0,0,0,0,0,0,0,0,0,0,0,0,0,0,0,0,0,0,0,28,0
ESV_002174,0,0,0,0,0,0,0,0,0,0,0,0,0,0,0,0,0,0,0,0,28,0
ESV_002186,0,0,0,0,0,0,0,0,0,0,0,0,0,0,0,0,0,0,0,0,28,0
ESV_002194,0,0,0,0,0,0,0,0,0,0,0,0,0,0,0,0,0,0,0,0,27,0
ESV_002195,27,0,0,0,0,0,0,0,0,0,0,0,0,0,0,0,0,0,0,0,0,0
ESV_002211,0,0,0,0,0,0,0,0,0,0,0,0,0,0,0,0,0,0,0,0,27,0
ESV_002213,0,0,0,0,0,0,0,0,0,0,0,0,0,0,0,27,0,0,0,0,0,0
ESV_002214,0,0,0,0,0,0,0,25,0,0,0,0,0,0,0,0,0,0,0,0,0,0
ESV_002218,0,0,0,0,25,0,0,0,0,0,0,0,0,0,0,0,0,0,0,0,0,0
ESV_002221,0,0,0,0,0,0,0,25,0,0,0,0,0,0,0,0,0,0,0,0,0,0
ESV_002222,0,0,0,0,0,0,0,26,0,0,0,0,0,0,0,0,0,0,0,0,0,0
ESV_002229,0,0,0,0,0,0,0,0,0,0,0,0,0,0,0,0,0,0,0,24,0,0
ESV_002231,0,24,0,0,0,0,0,0,0,0,0,0,0,0,0,0,0,0,0,0,0,0
ESV_002235,0,0,0,0,24,0,0,0,0,0,0,0,0,0,0,0,0,0,0,0,0,0
ESV_002242,0,0,0,0,0,0,0,23,0,0,0,0,0,0,0,0,0,0,0,0,0,0
ESV_002243,0,0,0,0,0,0,0,0,24,0,0,0,0,0,0,0,0,0,0,0,0,0
ESV_002260,0,0,0,0,0,0,0,0,0,0,0,0,0,0,0,0,0,0,0,25,0,0
ESV_002262,0,0,0,0,0,0,0,0,0,0,0,0,0,0,0,0,0,0,0,0,21,0
ESV_002266,0,0,0,0,0,0,0,0,0,0,0,0,0,23,0,0,0,0,0,0,0,0
ESV_002268,0,0,0,0,0,0,0,20,0,0,0,0,0,0,0,0,0,0,0,0,0,0
ESV_002269,0,0,0,0,0,0,0,0,0,0,0,0,0,21,0,0,0,0,0,0,0,0
ESV_002270,0,0,0,0,0,0,0,0,0,0,0,0,0,20,0,0,0,0,0,0,0,0
ESV_002279,0,0,0,0,0,0,0,20,0,0,0,0,0,0,0,0,0,0,0,0,0,0
ESV_002284,0,0,0,0,0,0,0,0,0,0,0,0,0,19,0,0,0,0,0,0,0,0
ESV_002285,0,0,0,0,0,0,0,19,0,0,0,0,0,0,0,0,0,0,0,0,0,0
ESV_002287,0,0,0,19,0,0,0,0,0,0,0,0,0,0,0,0,0,0,0,0,0,0
ESV_002289,0,0,0,0,0,0,0,0,0,0,0,0,0,0,0,0,0,0,0,0,20,0
ESV_002294,0,0,0,0,0,0,0,19,0,0,0,0,0,0,0,0,0,0,0,0,0,0
ESV_002298,0,0,0,0,0,0,0,0,0,0,0,0,0,0,0,18,0,0,0,0,0,0
ESV_002303,0,0,0,0,0,0,0,0,0,0,0,0,0,0,0,0,0,0,0,0,21,0
ESV_002304,0,0,0,0,0,0,0,18,0,0,0,0,0,0,0,0,0,0,0,0,0,0
ESV_002307,0,0,0,0,0,0,0,17,0,0,0,0,0,0,0,0,0,0,0,0,0,0
ESV_002320,0,0,0,0,0,0,0,0,0,0,0,0,0,0,0,0,0,0,0,0,18,0
ESV_002325,0,0,0,0,0,0,0,0,0,0,0,0,0,0,0,17,0,0,0,0,0,0
ESV_002332,0,0,0,0,0,0,0,0,0,0,0,16,0,0,0,0,0,0,0,0,0,0
ESV_002333,0,0,0,16,0,0,0,0,0,0,0,0,0,0,0,0,0,0,0,0,0,0
ESV_002338,0,0,0,0,0,0,0,0,0,0,0,0,0,0,0,0,0,0,0,0,17,0
ESV_002340,0,0,0,0,0,0,0,0,0,0,0,0,0,0,0,0,0,0,0,0,16,0
ESV_002341,0,0,0,0,0,0,0,0,0,0,0,0,0,0,0,0,0,0,0,0,0,16
ESV_002344,0,0,0,0,0,0,0,16,0,0,0,0,0,0,0,0,0,0,0,0,0,0
ESV_002346,0,0,0,0,0,0,0,0,0,0,0,0,0,0,0,0,0,0,0,0,16,0
ESV_002354,0,0,0,0,0,0,0,0,0,0,0,0,0,0,0,0,16,0,0,0,0,0
ESV_002361,0,0,0,0,0,0,0,0,0,0,0,0,0,0,0,0,0,0,0,0,15,0
ESV_002362,0,0,0,0,0,0,0,15,0,0,0,0,0,0,0,0,0,0,0,0,0,0
ESV_002365,0,0,0,0,0,0,0,15,0,0,0,0,0,0,0,0,0,0,0,0,0,0
ESV_002367,0,0,0,0,0,0,0,15,0,0,0,0,0,0,0,0,0,0,0,0,0,0
ESV_002369,0,0,0,0,0,0,0,15,0,0,0,0,0,0,0,0,0,0,0,0,0,0
ESV_002373,0,0,0,0,0,0,0,0,0,0,0,0,0,0,0,15,0,0,0,0,0,0
ESV_002376,0,0,0,0,0,0,0,14,0,0,0,0,0,0,0,0,0,0,0,0,0,0
ESV_002377,0,0,0,0,0,0,0,0,0,0,0,0,0,0,15,0,0,0,0,0,0,0
ESV_002378,0,0,0,14,0,0,0,0,0,0,0,0,0,0,0,0,0,0,0,0,0,0
ESV_002379,0,0,0,0,0,0,0,14,0,0,0,0,0,0,0,0,0,0,0,0,0,0
ESV_002380,0,0,0,0,0,0,0,0,0,0,0,0,0,0,0,0,0,14,0,0,0,0
ESV_002381,0,0,0,0,0,0,0,0,0,0,0,0,0,0,0,0,0,0,0,0,14,0
ESV_002384,0,0,0,0,0,0,0,0,0,0,0,0,0,0,0,0,0,0,0,0,0,14
ESV_002387,14,0,0,0,0,0,0,0,0,0,0,0,0,0,0,0,0,0,0,0,0,0
ESV_002389,0,0,0,14,0,0,0,0,0,0,0,0,0,0,0,0,0,0,0,0,0,0
ESV_002398,0,0,0,0,0,0,0,0,0,0,0,0,0,0,0,0,0,0,0,0,14,0
ESV_002403,0,0,0,0,0,0,0,0,0,0,0,0,0,14,0,0,0,0,0,0,0,0
ESV_002406,0,0,0,0,14,0,0,0,0,0,0,0,0,0,0,0,0,0,0,0,0,0
ESV_002407,0,0,0,0,0,0,0,16,0,0,0,0,0,0,0,0,0,0,0,0,0,0
ESV_002409,13,0,0,0,0,0,0,0,0,0,0,0,0,0,0,0,0,0,0,0,0,0
ESV_002417,0,0,0,0,0,0,0,0,0,0,0,0,0,0,13,0,0,0,0,0,0,0
ESV_002419,0,0,14,0,0,0,0,0,0,0,0,0,0,0,0,0,0,0,0,0,0,0
ESV_002422,0,0,0,13,0,0,0,0,0,0,0,0,0,0,0,0,0,0,0,0,0,0
ESV_002425,0,0,0,0,13,0,0,0,0,0,0,0,0,0,0,0,0,0,0,0,0,0
ESV_002430,0,0,0,0,0,0,0,0,0,0,0,0,0,0,0,0,0,0,0,0,12,0
ESV_002431,0,0,0,0,0,0,0,0,0,0,0,0,0,0,0,0,0,0,0,12,0,0
ESV_002438,0,0,0,0,0,0,0,0,0,0,0,0,0,0,0,0,0,0,0,0,0,12
ESV_002439,0,0,0,12,0,0,0,0,0,0,0,0,0,0,0,0,0,0,0,0,0,0
ESV_002441,0,0,0,0,0,0,0,12,0,0,0,0,0,0,0,0,0,0,0,0,0,0
ESV_002448,0,0,0,0,0,0,0,0,0,0,0,0,0,0,0,0,0,0,0,0,0,12
ESV_002454,0,0,12,0,0,0,0,0,0,0,0,0,0,0,0,0,0,0,0,0,0,0
ESV_002458,0,0,0,0,0,0,0,0,11,0,0,0,0,0,0,0,0,0,0,0,0,0
ESV_002468,0,0,0,11,0,0,0,0,0,0,0,0,0,0,0,0,0,0,0,0,0,0
ESV_002471,0,0,0,0,0,0,0,11,0,0,0,0,0,0,0,0,0,0,0,0,0,0
ESV_002474,0,0,0,0,0,0,0,0,0,0,0,0,0,11,0,0,0,0,0,0,0,0
ESV_002477,0,0,0,0,0,0,0,0,0,0,0,0,0,11,0,0,0,0,0,0,0,0
ESV_002482,0,0,0,0,0,0,0,0,0,0,0,0,0,0,0,0,0,0,0,0,11,0
ESV_002483,0,11,0,0,0,0,0,0,0,0,0,0,0,0,0,0,0,0,0,0,0,0
ESV_002485,0,0,0,0,0,0,0,0,0,0,0,0,0,0,0,0,0,0,0,0,11,0
ESV_002488,0,0,0,0,0,0,0,0,0,0,0,0,0,0,0,0,0,0,0,0,10,0
ESV_002491,10,0,0,0,0,0,0,0,0,0,0,0,0,0,0,0,0,0,0,0,0,0
ESV_002495,0,0,0,0,0,0,0,11,0,0,0,0,0,0,0,0,0,0,0,0,0,0
ESV_002496,0,0,0,0,0,0,0,0,0,0,0,0,0,0,0,11,0,0,0,0,0,0
ESV_002499,0,0,0,0,0,0,0,10,0,0,0,0,0,0,0,0,0,0,0,0,0,0
ESV_002501,0,0,0,0,0,0,0,0,0,0,0,0,0,0,0,0,0,0,0,10,0,0
ESV_002503,0,0,0,0,0,0,0,0,0,0,0,0,0,10,0,0,0,0,0,0,0,0
ESV_002513,0,0,0,0,0,0,0,0,0,0,0,0,0,0,0,0,0,0,0,0,0,10
ESV_002517,0,0,0,0,0,0,0,0,9,0,0,0,0,0,0,0,0,0,0,0,0,0
ESV_002518,0,0,0,0,0,0,0,9,0,0,0,0,0,0,0,0,0,0,0,0,0,0
ESV_002521,0,0,0,0,0,0,0,9,0,0,0,0,0,0,0,0,0,0,0,0,0,0
ESV_002522,0,0,0,0,0,0,0,0,0,0,0,0,0,9,0,0,0,0,0,0,0,0
ESV_002537,0,0,0,0,0,0,0,9,0,0,0,0,0,0,0,0,0,0,0,0,0,0
ESV_002547,0,0,0,0,0,0,0,0,0,0,0,0,0,0,0,0,0,0,0,0,0,9
ESV_002548,0,0,0,0,0,0,0,0,0,9,0,0,0,0,0,0,0,0,0,0,0,0
ESV_002550,0,0,0,0,0,0,0,0,0,0,0,0,0,9,0,0,0,0,0,0,0,0
ESV_002562,0,0,0,0,0,0,0,8,0,0,0,0,0,0,0,0,0,0,0,0,0,0
ESV_002563,0,0,0,0,8,0,0,0,0,0,0,0,0,0,0,0,0,0,0,0,0,0
ESV_002564,0,0,0,0,0,0,0,8,0,0,0,0,0,0,0,0,0,0,0,0,0,0
ESV_002565,0,0,0,0,0,0,0,0,0,0,0,0,0,0,0,0,0,0,0,0,8,0
ESV_002566,0,0,0,0,0,0,0,8,0,0,0,0,0,0,0,0,0,0,0,0,0,0
ESV_002567,0,0,0,0,0,0,0,8,0,0,0,0,0,0,0,0,0,0,0,0,0,0
ESV_002568,0,0,0,0,0,0,0,0,0,8,0,0,0,0,0,0,0,0,0,0,0,0
ESV_002587,0,0,0,0,0,0,0,0,0,0,0,0,8,0,0,0,0,0,0,0,0,0
ESV_002590,0,0,0,0,0,0,0,8,0,0,0,0,0,0,0,0,0,0,0,0,0,0
ESV_002591,0,0,0,0,0,0,0,8,0,0,0,0,0,0,0,0,0,0,0,0,0,0
ESV_002592,0,0,0,0,0,0,0,8,0,0,0,0,0,0,0,0,0,0,0,0,0,0
ESV_002600,0,0,0,0,0,0,0,0,0,0,0,0,0,0,0,0,0,0,0,0,0,8
ESV_002601,0,0,0,8,0,0,0,0,0,0,0,0,0,0,0,0,0,0,0,0,0,0
ESV_002604,0,0,0,0,0,0,0,0,0,8,0,0,0,0,0,0,0,0,0,0,0,0
ESV_002605,0,0,0,0,0,0,0,0,0,0,0,0,0,0,0,0,0,0,0,0,8,0
ESV_002619,0,0,0,0,0,0,0,0,0,0,0,0,0,0,0,0,0,0,0,0,0,8