"Species","ESV","Mean_Abundance"
"BCCH","ESV_004328",2734.44444444444
"BCCH","ESV_001597",9001.33333333333
"BCCH","ESV_009730",4607.77777777778
"BCCH","ESV_004352",4478.66666666667
"BCCH","ESV_001552",1952.55555555556
"BCCH","ESV_004329",1707.88888888889
"BCCH","ESV_001630",1521.88888888889
"BCCH","ESV_088989",948.666666666667
"BCCH","ESV_097268",672.222222222222
"BCCH","ESV_001677",483.222222222222
"BCCH","ESV_004354",436.777777777778
"BCCH","ESV_004471",393.333333333333
"BCCH","ESV_091687",344
"BCCH","ESV_097261",284.444444444444
"BCCH","ESV_001529",243.555555555556
"BCCH","ESV_079792",230.333333333333
"BCCH","ESV_001912",203.555555555556
"BCCH","ESV_097767",166.222222222222
"BCCH","ESV_097408",164.444444444444
"BCCH","ESV_041618",153.222222222222
"BCCH","ESV_001702",144.444444444444
"BCCH","ESV_004859",138.111111111111
"BCCH","ESV_097405",131.222222222222
"BCCH","ESV_004754",120.333333333333
"BCCH","ESV_004333",119.555555555556
"BCCH","ESV_097255",101.555555555556
"BCCH","ESV_004637",77.5555555555556
"BCCH","ESV_001577",69.6666666666667
"BCCH","ESV_041862",68.8888888888889
"BCCH","ESV_097490",67.7777777777778
"BCCH","ESV_097258",61.8888888888889
"BCCH","ESV_004439",56.3333333333333
"BCCH","ESV_097262",55.8888888888889
"BCCH","ESV_004512",10.5555555555556
"BCCH","ESV_097168",45.7777777777778
"BCCH","ESV_097890",34.5555555555556
"BCCH","ESV_010744",33.7777777777778
"BCCH","ESV_097263",28.4444444444444
"BCCH","ESV_097275",26.7777777777778
"BCCH","ESV_097678",25.1111111111111
"BCCH","ESV_040528",21.2222222222222
"BCCH","ESV_097407",20.6666666666667
"BCCH","ESV_097770",20.4444444444444
"BCCH","ESV_097768",20.2222222222222
"BCCH","ESV_010145",20.1111111111111
"BCCH","ESV_097267",19.7777777777778
"BCCH","ESV_004745",19.6666666666667
"BCCH","ESV_000935",17
"BCCH","ESV_097277",16
"BCCH","ESV_097766",15.6666666666667
"BCCH","ESV_097897",14.8888888888889
"BCCH","ESV_097279",13.6666666666667
"BCCH","ESV_097278",12.1111111111111
"BCCH","ESV_097899",11.8888888888889
"BCCH","ESV_004381",11.8888888888889
"BCCH","ESV_097764",11.7777777777778
"BCCH","ESV_097888",11.3333333333333
"BCCH","ESV_097276",11.2222222222222
"BCCH","ESV_097893",10.5555555555556
"BCCH","ESV_009922",10.3333333333333
"BCCH","ESV_097489",9.77777777777778
"BCCH","ESV_097491",9.55555555555556
"BCCH","ESV_097492",9.33333333333333
"BCCH","ESV_097495",8.88888888888889
"BCCH","ESV_009942",8.22222222222222
"BCCH","ESV_097896",8
"BCCH","ESV_097900",7.33333333333333
"BCCH","ESV_097765",7.11111111111111
"BCCH","ESV_001526",6.11111111111111
"BCCH","ESV_097894",6
"BCCH","ESV_017342",5.77777777777778
"BCCH","ESV_012931",5.55555555555556
"BCCH","ESV_097409",5.22222222222222
"BCCH","ESV_097675",4.77777777777778
"BCCH","ESV_097494",4.66666666666667
"BCCH","ESV_097913",4.33333333333333
"BCCH","ESV_097271",4.33333333333333
"BCCH","ESV_097269",4.11111111111111
"BCCH","ESV_097902",4
"BCCH","ESV_097403",4
"BCCH","ESV_097901",3.77777777777778
"BCCH","ESV_002009",3.55555555555556
"BCCH","ESV_097898",3.22222222222222
"BCCH","ESV_097256",3.22222222222222
"BCCH","ESV_097769",3.11111111111111
"BCCH","ESV_097683",3
"BCCH","ESV_097914",2.55555555555556
"BCCH","ESV_097684",2.55555555555556
"BCCH","ESV_097912",2.44444444444444
"BCCH","ESV_097677",2.33333333333333
"BCCH","ESV_097257",2.11111111111111
"BCCH","ESV_097892",2
"BCCH","ESV_097680",2
"BCCH","ESV_091741",1
"BCCH","ESV_097404",2
"BCCH","ESV_097493",1.77777777777778
"BCCH","ESV_097260",1.55555555555556
"BCCH","ESV_089170",1.55555555555556
"BCCH","ESV_097679",1.44444444444444
"BCCH","ESV_097259",1.44444444444444
"BCCH","ESV_097264",1.44444444444444
"BCCH","ESV_001814",1.44444444444444
"BCCH","ESV_097270",1.33333333333333
"BCCH","ESV_097891",1.22222222222222
"BCCH","ESV_097265",1.22222222222222
"BCCH","ESV_097273",1.22222222222222
"BCCH","ESV_097274",1.22222222222222
"BCCH","ESV_097895",1.11111111111111
"BCCH","ESV_097682",1.11111111111111
"BCCH","ESV_097272",1.11111111111111
"BCCH","ESV_097406",1
"BCCH","ESV_097266",1
"BCCH","ESV_097169",0.888888888888889
"BCCH","ESV_062720",0.777777777777778
"BCCH","ESV_097676",0.666666666666667
"BCCH","ESV_097889",0.555555555555556
"BCCH","ESV_097681",0.555555555555556
"MOCH","ESV_097017",9610.51282051282
"MOCH","ESV_001533",6125.53846153846
"MOCH","ESV_004328",3054.58974358974
"MOCH","ESV_096982",3303.66666666667
"MOCH","ESV_097008",1786.89743589744
"MOCH","ESV_004348",1707.20512820513
"MOCH","ESV_097815",1619.28205128205
"MOCH","ESV_097330",1559.46153846154
"MOCH","ESV_097288",1403.53846153846
"MOCH","ESV_097508",1258.5641025641
"MOCH","ESV_097099",1195.17948717949
"MOCH","ESV_096984",915.282051282051
"MOCH","ESV_097848",883.897435897436
"MOCH","ESV_001778",868.076923076923
"MOCH","ESV_097540",785.846153846154
"MOCH","ESV_097088",752.179487179487
"MOCH","ESV_001615",664.641025641026
"MOCH","ESV_001552",195.333333333333
"MOCH","ESV_097438",529.692307692308
"MOCH","ESV_097657",527.820512820513
"MOCH","ESV_004334",515
"MOCH","ESV_097056",512.717948717949
"MOCH","ESV_097750",401.128205128205
"MOCH","ESV_004394",400.205128205128
"MOCH","ESV_097525",351
"MOCH","ESV_004374",345.076923076923
"MOCH","ESV_097780",335.820512820513
"MOCH","ESV_097200",330.641025641026
"MOCH","ESV_004407",309.179487179487
"MOCH","ESV_004412",303.051282051282
"MOCH","ESV_097058",274.205128205128
"MOCH","ESV_004356",267.435897435897
"MOCH","ESV_096990",255.666666666667
"MOCH","ESV_096983",246.205128205128
"MOCH","ESV_097317",229.871794871795
"MOCH","ESV_097003",224.717948717949
"MOCH","ESV_097511",224.179487179487
"MOCH","ESV_001637",223.948717948718
"MOCH","ESV_097341",207.153846153846
"MOCH","ESV_097087",194.692307692308
"MOCH","ESV_001550",188.948717948718
"MOCH","ESV_002242",180.435897435897
"MOCH","ESV_097518",177.974358974359
"MOCH","ESV_097818",167.871794871795
"MOCH","ESV_097444",161.717948717949
"MOCH","ESV_097417",160.948717948718
"MOCH","ESV_097464",150.076923076923
"MOCH","ESV_097154",149.871794871795
"MOCH","ESV_091094",140.820512820513
"MOCH","ESV_097947",140.615384615385
"MOCH","ESV_097372",134.435897435897
"MOCH","ESV_097339",133
"MOCH","ESV_097290",132.564102564103
"MOCH","ESV_001520",130.384615384615
"MOCH","ESV_097217",128.871794871795
"MOCH","ESV_097016",127.666666666667
"MOCH","ESV_097627",121.538461538462
"MOCH","ESV_097874",120.410256410256
"MOCH","ESV_001717",118.897435897436
"MOCH","ESV_097486",117.153846153846
"MOCH","ESV_092844",112.871794871795
"MOCH","ESV_097504",105.538461538462
"MOCH","ESV_097072",104.487179487179
"MOCH","ESV_097602",103.794871794872
"MOCH","ESV_097110",103.230769230769
"MOCH","ESV_097201",101.410256410256
"MOCH","ESV_097226",97.7179487179487
"MOCH","ESV_004337",96.0769230769231
"MOCH","ESV_097533",94.3076923076923
"MOCH","ESV_097006",94.0769230769231
"MOCH","ESV_097309",90.0769230769231
"MOCH","ESV_091703",89.4871794871795
"MOCH","ESV_097810",89.4102564102564
"MOCH","ESV_097574",87.2820512820513
"MOCH","ESV_097115",85.3589743589744
"MOCH","ESV_040998",84.7435897435897
"MOCH","ESV_097642",82.4358974358974
"MOCH","ESV_097117",78.2820512820513
"MOCH","ESV_001604",77.7948717948718
"MOCH","ESV_097248",75.3589743589744
"MOCH","ESV_097995",70.3076923076923
"MOCH","ESV_097903",68.3846153846154
"MOCH","ESV_097034",67.974358974359
"MOCH","ESV_097825",65.8205128205128
"MOCH","ESV_097506",63.8717948717949
"MOCH","ESV_097158",63.1025641025641
"MOCH","ESV_004599",62.7948717948718
"MOCH","ESV_097344",61.974358974359
"MOCH","ESV_096992",59.1794871794872
"MOCH","ESV_000348",57.8205128205128
"MOCH","ESV_097095",56.8974358974359
"MOCH","ESV_001807",56.3076923076923
"MOCH","ESV_097144",56.3076923076923
"MOCH","ESV_097881",54.7179487179487
"MOCH","ESV_097060",54.4358974358974
"MOCH","ESV_097377",51.4358974358974
"MOCH","ESV_097125",49.5384615384615
"MOCH","ESV_097616",49.4615384615385
"MOCH","ESV_004517",48.974358974359
"MOCH","ESV_097093",48.0769230769231
"MOCH","ESV_097597",47.7948717948718
"MOCH","ESV_097047",47.6410256410256
"MOCH","ESV_097143",46.3846153846154
"MOCH","ESV_097114",46.1025641025641
"MOCH","ESV_097120",45.6666666666667
"MOCH","ESV_097005",43.0769230769231
"MOCH","ESV_097316",42.6410256410256
"MOCH","ESV_097356",42.3589743589744
"MOCH","ESV_097181",40.1538461538462
"MOCH","ESV_096999",39.3333333333333
"MOCH","ESV_097607",38.974358974359
"MOCH","ESV_083803",34.6666666666667
"MOCH","ESV_097598",34.6410256410256
"MOCH","ESV_097460",34.5641025641026
"MOCH","ESV_097706",34.3846153846154
"MOCH","ESV_097788",34.2820512820513
"MOCH","ESV_096998",33.5897435897436
"MOCH","ESV_097859",33.4615384615385
"MOCH","ESV_097252",33.4615384615385
"MOCH","ESV_096986",31.6153846153846
"MOCH","ESV_097978",31.1025641025641
"MOCH","ESV_097157",29.3589743589744
"MOCH","ESV_097073",28.2564102564103
"MOCH","ESV_019240",28.1282051282051
"MOCH","ESV_097400",28.1025641025641
"MOCH","ESV_030058",27.7692307692308
"MOCH","ESV_097321",27.1538461538462
"MOCH","ESV_097705",26.3333333333333
"MOCH","ESV_097062",25.7948717948718
"MOCH","ESV_097343",25.7948717948718
"MOCH","ESV_097845",25.5128205128205
"MOCH","ESV_097670",25.1794871794872
"MOCH","ESV_097510",25.1282051282051
"MOCH","ESV_097137",24.7692307692308
"MOCH","ESV_004368",23.8205128205128
"MOCH","ESV_097364",23.4102564102564
"MOCH","ESV_097805",22.8461538461538
"MOCH","ESV_097485",22.8205128205128
"MOCH","ESV_097004",22.3076923076923
"MOCH","ESV_097057",21.8974358974359
"MOCH","ESV_097422",21.6153846153846
"MOCH","ESV_097915",21.2307692307692
"MOCH","ESV_097094",20.8717948717949
"MOCH","ESV_092838",20.6410256410256
"MOCH","ESV_097528",20.6153846153846
"MOCH","ESV_097700",20.2307692307692
"MOCH","ESV_097218",20.025641025641
"MOCH","ESV_004824",19.7948717948718
"MOCH","ESV_052871",19.7692307692308
"MOCH","ESV_085228",19.7179487179487
"MOCH","ESV_097882",19.2564102564103
"MOCH","ESV_004502",19.1282051282051
"MOCH","ESV_097910",18.9487179487179
"MOCH","ESV_097516",18.6666666666667
"MOCH","ESV_097027",18.4871794871795
"MOCH","ESV_052914",18.4615384615385
"MOCH","ESV_097699",18.3846153846154
"MOCH","ESV_045340",18.3846153846154
"MOCH","ESV_097653",18.1538461538462
"MOCH","ESV_097624",18.1025641025641
"MOCH","ESV_097233",17.6666666666667
"MOCH","ESV_097981",17.5128205128205
"MOCH","ESV_001811",17.4871794871795
"MOCH","ESV_097590",17.4358974358974
"MOCH","ESV_097824",17.4102564102564
"MOCH","ESV_029824",17.2564102564103
"MOCH","ESV_097419",16.6923076923077
"MOCH","ESV_097931",16.6666666666667
"MOCH","ESV_097796",16.3846153846154
"MOCH","ESV_097655",16.2820512820513
"MOCH","ESV_097074",15.8461538461538
"MOCH","ESV_097740",15.7179487179487
"MOCH","ESV_051965",15.6153846153846
"MOCH","ESV_097517",15.5641025641026
"MOCH","ESV_097039",15.5641025641026
"MOCH","ESV_097124",15.4102564102564
"MOCH","ESV_097909",15.2564102564103
"MOCH","ESV_097667",15.2307692307692
"MOCH","ESV_097543",15.2051282051282
"MOCH","ESV_097747",15.1282051282051
"MOCH","ESV_097625",15.0512820512821
"MOCH","ESV_097686",14.8205128205128
"MOCH","ESV_097866",14.7948717948718
"MOCH","ESV_091786",14.6923076923077
"MOCH","ESV_097384",14.5897435897436
"MOCH","ESV_097813",14.5128205128205
"MOCH","ESV_097722",14.4871794871795
"MOCH","ESV_097059",14.4615384615385
"MOCH","ESV_097452",14.2307692307692
"MOCH","ESV_060629",14.1794871794872
"MOCH","ESV_097469",14.1282051282051
"MOCH","ESV_097856",14
"MOCH","ESV_097969",13.8974358974359
"MOCH","ESV_097221",13.7948717948718
"MOCH","ESV_097975",13.4871794871795
"MOCH","ESV_097347",13.3846153846154
"MOCH","ESV_001855",13.2820512820513
"MOCH","ESV_097190",13.2564102564103
"MOCH","ESV_097091",13.2307692307692
"MOCH","ESV_097204",12.8974358974359
"MOCH","ESV_097454",12.7692307692308
"MOCH","ESV_097572",12.7179487179487
"MOCH","ESV_097231",12.7179487179487
"MOCH","ESV_042052",12.5384615384615
"MOCH","ESV_004512",10.1025641025641
"MOCH","ESV_097370",12.5384615384615
"MOCH","ESV_001861",12.5128205128205
"MOCH","ESV_097868",12.4615384615385
"MOCH","ESV_097134",12.3846153846154
"MOCH","ESV_097922",12.2307692307692
"MOCH","ESV_097599",12.2307692307692
"MOCH","ESV_097621",12.1538461538462
"MOCH","ESV_097097",12.1538461538462
"MOCH","ESV_021454",12.1282051282051
"MOCH","ESV_097710",11.8717948717949
"MOCH","ESV_041709",11.8717948717949
"MOCH","ESV_004816",11.8461538461538
"MOCH","ESV_097814",11.6923076923077
"MOCH","ESV_097297",11.6410256410256
"MOCH","ESV_001737",11.4871794871795
"MOCH","ESV_097105",11.4615384615385
"MOCH","ESV_096985",11.2307692307692
"MOCH","ESV_097010",11.1282051282051
"MOCH","ESV_097779",11.1025641025641
"MOCH","ESV_097569",11
"MOCH","ESV_097989",10.9230769230769
"MOCH","ESV_097325",10.8974358974359
"MOCH","ESV_097503",10.8717948717949
"MOCH","ESV_097924",10.7692307692308
"MOCH","ESV_097053",10.6410256410256
"MOCH","ESV_097613",10.5384615384615
"MOCH","ESV_096989",10.5384615384615
"MOCH","ESV_097328",10.4871794871795
"MOCH","ESV_097507",10.2307692307692
"MOCH","ESV_097068",10.2051282051282
"MOCH","ESV_097431",10
"MOCH","ESV_097609",9.97435897435897
"MOCH","ESV_097254",9.7948717948718
"MOCH","ESV_097595",9.76923076923077
"MOCH","ESV_097988",9.71794871794872
"MOCH","ESV_097164",9.69230769230769
"MOCH","ESV_097979",9.61538461538461
"MOCH","ESV_097546",9.51282051282051
"MOCH","ESV_004419",9.48717948717949
"MOCH","ESV_097530",9.43589743589744
"MOCH","ESV_097701",9.38461538461539
"MOCH","ESV_042094",9.35897435897436
"MOCH","ESV_046753",9.30769230769231
"MOCH","ESV_097719",9.30769230769231
"MOCH","ESV_097610",9.1025641025641
"MOCH","ESV_097509",9.1025641025641
"MOCH","ESV_097318",8.97435897435897
"MOCH","ESV_097907",8.92307692307692
"MOCH","ESV_097925",8.87179487179487
"MOCH","ESV_097515",8.82051282051282
"MOCH","ESV_097028",8.82051282051282
"MOCH","ESV_097876",8.71794871794872
"MOCH","ESV_097972",8.61538461538461
"MOCH","ESV_097022",8.58974358974359
"MOCH","ESV_097251",8.58974358974359
"MOCH","ESV_097498",8.51282051282051
"MOCH","ESV_097324",8.48717948717949
"MOCH","ESV_097905",8.46153846153846
"MOCH","ESV_097857",8.46153846153846
"MOCH","ESV_097733",8.35897435897436
"MOCH","ESV_097555",8.25641025641026
"MOCH","ESV_097759",8.15384615384615
"MOCH","ESV_097104",7.97435897435897
"MOCH","ESV_042056",7.94871794871795
"MOCH","ESV_097002",7.82051282051282
"MOCH","ESV_097549",7.79487179487179
"MOCH","ESV_097054",7.79487179487179
"MOCH","ESV_097601",7.64102564102564
"MOCH","ESV_097632",7.61538461538461
"MOCH","ESV_097223",7.58974358974359
"MOCH","ESV_097736",7.46153846153846
"MOCH","ESV_097481",7.17948717948718
"MOCH","ESV_097379",7.1025641025641
"MOCH","ESV_097862",7.07692307692308
"MOCH","ESV_021448",7.05128205128205
"MOCH","ESV_097795",7
"MOCH","ESV_097380",6.97435897435897
"MOCH","ESV_097342",6.8974358974359
"MOCH","ESV_097479",6.82051282051282
"MOCH","ESV_097337",6.82051282051282
"MOCH","ESV_097146",6.79487179487179
"MOCH","ESV_097986",6.76923076923077
"MOCH","ESV_097568",6.76923076923077
"MOCH","ESV_097940",6.71794871794872
"MOCH","ESV_097067",6.61538461538461
"MOCH","ESV_097870",6.56410256410256
"MOCH","ESV_097749",6.56410256410256
"MOCH","ESV_097584",6.53846153846154
"MOCH","ESV_097618",6.46153846153846
"MOCH","ESV_097752",6.43589743589744
"MOCH","ESV_097298",6.43589743589744
"MOCH","ESV_097191",6.43589743589744
"MOCH","ESV_097803",6.41025641025641
"MOCH","ESV_097232",6.41025641025641
"MOCH","ESV_097046",6.35897435897436
"MOCH","ESV_097993",6.30769230769231
"MOCH","ESV_097970",6.30769230769231
"MOCH","ESV_097397",6.20512820512821
"MOCH","ESV_097166",6.15384615384615
"MOCH","ESV_042115",6.1025641025641
"MOCH","ESV_097236",6.05128205128205
"MOCH","ESV_097692",5.94871794871795
"MOCH","ESV_045182",5.94871794871795
"MOCH","ESV_097992",5.8974358974359
"MOCH","ESV_097462",5.8974358974359
"MOCH","ESV_097077",5.87179487179487
"MOCH","ESV_097718",5.84615384615385
"MOCH","ESV_041111",5.82051282051282
"MOCH","ESV_097834",5.82051282051282
"MOCH","ESV_096988",5.82051282051282
"MOCH","ESV_097044",5.64102564102564
"MOCH","ESV_097367",5.61538461538461
"MOCH","ESV_097532",5.61538461538461
"MOCH","ESV_097886",5.51282051282051
"MOCH","ESV_002221",5.51282051282051
"MOCH","ESV_097790",5.51282051282051
"MOCH","ESV_097246",5.46153846153846
"MOCH","ESV_097085",5.46153846153846
"MOCH","ESV_097904",5.41025641025641
"MOCH","ESV_097762",5.41025641025641
"MOCH","ESV_097427",5.41025641025641
"MOCH","ESV_097535",5.33333333333333
"MOCH","ESV_097822",5.28205128205128
"MOCH","ESV_097334",5.25641025641026
"MOCH","ESV_097739",5.20512820512821
"MOCH","ESV_097366",5.20512820512821
"MOCH","ESV_097222",5.20512820512821
"MOCH","ESV_097756",5.15384615384615
"MOCH","ESV_097007",5.1025641025641
"MOCH","ESV_097553",5.1025641025641
"MOCH","ESV_097389",5.02564102564103
"MOCH","ESV_097944",4.97435897435897
"MOCH","ESV_097413",4.97435897435897
"MOCH","ESV_097763",4.94871794871795
"MOCH","ESV_004592",4.94871794871795
"MOCH","ESV_097229",4.92307692307692
"MOCH","ESV_097589",4.8974358974359
"MOCH","ESV_040818",4.8974358974359
"MOCH","ESV_097872",4.87179487179487
"MOCH","ESV_001832",4.84615384615385
"MOCH","ESV_097450",4.79487179487179
"MOCH","ESV_097878",4.76923076923077
"MOCH","ESV_097434",4.76923076923077
"MOCH","ESV_097843",4.69230769230769
"MOCH","ESV_097513",4.69230769230769
"MOCH","ESV_097180",4.66666666666667
"MOCH","ESV_097194",4.61538461538461
"MOCH","ESV_097149",4.61538461538461
"MOCH","ESV_097084",4.53846153846154
"MOCH","ESV_097672",4.48717948717949
"MOCH","ESV_097956",4.46153846153846
"MOCH","ESV_097799",4.46153846153846
"MOCH","ESV_086278",4.43589743589744
"MOCH","ESV_097293",4.43589743589744
"MOCH","ESV_097081",4.38461538461539
"MOCH","ESV_097089",4.35897435897436
"MOCH","ESV_097930",4.33333333333333
"MOCH","ESV_097854",4.33333333333333
"MOCH","ESV_097112",4.33333333333333
"MOCH","ESV_097751",4.30769230769231
"MOCH","ESV_097784",4.30769230769231
"MOCH","ESV_097280",4.25641025641026
"MOCH","ESV_097885",4.23076923076923
"MOCH","ESV_097877",4.23076923076923
"MOCH","ESV_097694",4.17948717948718
"MOCH","ESV_097411",4.17948717948718
"MOCH","ESV_097534",4.15384615384615
"MOCH","ESV_097704",4.15384615384615
"MOCH","ESV_097310",4.07692307692308
"MOCH","ESV_097794",4.05128205128205
"MOCH","ESV_097475",4.05128205128205
"MOCH","ESV_004853",4.02564102564103
"MOCH","ESV_097307",4.02564102564103
"MOCH","ESV_097596",3.97435897435897
"MOCH","ESV_097327",3.87179487179487
"MOCH","ESV_097858",3.84615384615385
"MOCH","ESV_097219",3.84615384615385
"MOCH","ESV_097086",3.84615384615385
"MOCH","ESV_097622",3.76923076923077
"MOCH","ESV_097126",3.76923076923077
"MOCH","ESV_097061",3.69230769230769
"MOCH","ESV_097793",3.66666666666667
"MOCH","ESV_097410",3.66666666666667
"MOCH","ESV_097301",3.64102564102564
"MOCH","ESV_097352",3.64102564102564
"MOCH","ESV_097196",3.64102564102564
"MOCH","ESV_097997",3.61538461538462
"MOCH","ESV_097745",3.61538461538462
"MOCH","ESV_097314",3.58974358974359
"MOCH","ESV_097135",3.58974358974359
"MOCH","ESV_097973",3.56410256410256
"MOCH","ESV_097542",3.56410256410256
"MOCH","ESV_097369",3.56410256410256
"MOCH","ESV_097299",3.53846153846154
"MOCH","ESV_097585",3.51282051282051
"MOCH","ESV_097000",3.51282051282051
"MOCH","ESV_097106",3.51282051282051
"MOCH","ESV_097033",3.51282051282051
"MOCH","ESV_004630",3.48717948717949
"MOCH","ESV_097620",3.48717948717949
"MOCH","ESV_097127",3.48717948717949
"MOCH","ESV_097147",3.46153846153846
"MOCH","ESV_097566",3.43589743589744
"MOCH","ESV_097286",3.43589743589744
"MOCH","ESV_097726",3.41025641025641
"MOCH","ESV_097927",3.38461538461538
"MOCH","ESV_097436",3.35897435897436
"MOCH","ESV_097606",3.35897435897436
"MOCH","ESV_097237",3.35897435897436
"MOCH","ESV_097994",3.30769230769231
"MOCH","ESV_097708",3.30769230769231
"MOCH","ESV_097539",3.30769230769231
"MOCH","ESV_097386",3.28205128205128
"MOCH","ESV_097216",3.28205128205128
"MOCH","ESV_002131",3.25641025641026
"MOCH","ESV_097674",3.23076923076923
"MOCH","ESV_097523",3.20512820512821
"MOCH","ESV_097983",3.17948717948718
"MOCH","ESV_097230",3.17948717948718
"MOCH","ESV_097197",3.17948717948718
"MOCH","ESV_097103",3.17948717948718
"MOCH","ESV_097048",3.17948717948718
"MOCH","ESV_097980",3.15384615384615
"MOCH","ESV_097032",3.15384615384615
"MOCH","ESV_004339",3.15384615384615
"MOCH","ESV_097968",3.12820512820513
"MOCH","ESV_097176",3.12820512820513
"MOCH","ESV_097420",3.1025641025641
"MOCH","ESV_097439",3.1025641025641
"MOCH","ESV_041975",3.07692307692308
"MOCH","ESV_097635",3.05128205128205
"MOCH","ESV_097605",3.05128205128205
"MOCH","ESV_097727",3.02564102564103
"MOCH","ESV_097360",3.02564102564103
"MOCH","ESV_097945",3
"MOCH","ESV_097687",3
"MOCH","ESV_097713",3
"MOCH","ESV_097561",3
"MOCH","ESV_097521",3
"MOCH","ESV_097066",2.97435897435897
"MOCH","ESV_097939",2.92307692307692
"MOCH","ESV_097177",2.92307692307692
"MOCH","ESV_097754",2.8974358974359
"MOCH","ESV_097996",2.87179487179487
"MOCH","ESV_097401",2.84615384615385
"MOCH","ESV_097537",2.84615384615385
"MOCH","ESV_097234",2.82051282051282
"MOCH","ESV_042062",2.82051282051282
"MOCH","ESV_097119",2.82051282051282
"MOCH","ESV_097712",2.74358974358974
"MOCH","ESV_097294",2.74358974358974
"MOCH","ESV_097049",2.71794871794872
"MOCH","ESV_097709",2.64102564102564
"MOCH","ESV_097471",2.64102564102564
"MOCH","ESV_097841",2.61538461538462
"MOCH","ESV_097412",2.61538461538462
"MOCH","ESV_097957",2.58974358974359
"MOCH","ESV_097499",2.58974358974359
"MOCH","ESV_098000",2.56410256410256
"MOCH","ESV_097470",2.56410256410256
"MOCH","ESV_097456",2.56410256410256
"MOCH","ESV_097398",2.56410256410256
"MOCH","ESV_097178",2.56410256410256
"MOCH","ESV_097040",2.56410256410256
"MOCH","ESV_097583",2.53846153846154
"MOCH","ESV_097477",2.53846153846154
"MOCH","ESV_097035",2.53846153846154
"MOCH","ESV_097050",2.53846153846154
"MOCH","ESV_091202",2.48717948717949
"MOCH","ESV_097729",2.43589743589744
"MOCH","ESV_097649",2.43589743589744
"MOCH","ESV_097617",2.43589743589744
"MOCH","ESV_097529",2.38461538461538
"MOCH","ESV_097593",2.35897435897436
"MOCH","ESV_097778",2.33333333333333
"MOCH","ESV_097329",2.33333333333333
"MOCH","ESV_097974",2.30769230769231
"MOCH","ESV_097817",2.30769230769231
"MOCH","ESV_097030",2.30769230769231
"MOCH","ESV_097131",2.30769230769231
"MOCH","ESV_097798",2.28205128205128
"MOCH","ESV_097021",2.28205128205128
"MOCH","ESV_097308",2.28205128205128
"MOCH","ESV_002069",2.28205128205128
"MOCH","ESV_021458",2.25641025641026
"MOCH","ESV_097802",2.25641025641026
"MOCH","ESV_097382",2.25641025641026
"MOCH","ESV_097844",2.23076923076923
"MOCH","ESV_097484",2.23076923076923
"MOCH","ESV_097172",2.23076923076923
"MOCH","ESV_097130",2.20512820512821
"MOCH","ESV_097883",2.17948717948718
"MOCH","ESV_097465",2.17948717948718
"MOCH","ESV_097531",2.15384615384615
"MOCH","ESV_097295",2.15384615384615
"MOCH","ESV_097182",2.15384615384615
"MOCH","ESV_097936",2.12820512820513
"MOCH","ESV_097734",2.12820512820513
"MOCH","ESV_097832",2.1025641025641
"MOCH","ESV_097748",2.1025641025641
"MOCH","ESV_097755",2.1025641025641
"MOCH","ESV_097724",2.1025641025641
"MOCH","ESV_097424",2.1025641025641
"MOCH","ESV_097070",2.1025641025641
"MOCH","ESV_097455",2.1025641025641
"MOCH","ESV_072040",2.1025641025641
"MOCH","ESV_097365",2.1025641025641
"MOCH","ESV_097108",2.1025641025641
"MOCH","ESV_097096",2.07692307692308
"MOCH","ESV_097865",2.05128205128205
"MOCH","ESV_097695",2.05128205128205
"MOCH","ESV_001648",2.05128205128205
"MOCH","ESV_097393",2.02564102564103
"MOCH","ESV_097943",2
"MOCH","ESV_097864",2
"MOCH","ESV_097867",2
"MOCH","ESV_097753",2
"MOCH","ESV_097351",2
"MOCH","ESV_097335",1.97435897435897
"MOCH","ESV_097738",1.97435897435897
"MOCH","ESV_097760",1.97435897435897
"MOCH","ESV_097376",1.97435897435897
"MOCH","ESV_097348",1.97435897435897
"MOCH","ESV_097055",1.97435897435897
"MOCH","ESV_097887",1.94871794871795
"MOCH","ESV_097804",1.94871794871795
"MOCH","ESV_097496",1.94871794871795
"MOCH","ESV_097473",1.94871794871795
"MOCH","ESV_097487",1.94871794871795
"MOCH","ESV_097211",1.92307692307692
"MOCH","ESV_097999",1.8974358974359
"MOCH","ESV_097918",1.8974358974359
"MOCH","ESV_097744",1.8974358974359
"MOCH","ESV_097723",1.8974358974359
"MOCH","ESV_097148",1.8974358974359
"MOCH","ESV_019909",1.87179487179487
"MOCH","ESV_097435",1.87179487179487
"MOCH","ESV_097801",1.84615384615385
"MOCH","ESV_097806",1.84615384615385
"MOCH","ESV_097611",1.84615384615385
"MOCH","ESV_097550",1.84615384615385
"MOCH","ESV_097041",1.84615384615385
"MOCH","ESV_097838",1.82051282051282
"MOCH","ESV_097697",1.82051282051282
"MOCH","ESV_097082",1.82051282051282
"MOCH","ESV_097965",1.79487179487179
"MOCH","ESV_097742",1.79487179487179
"MOCH","ESV_097737",1.79487179487179
"MOCH","ESV_097721",1.79487179487179
"MOCH","ESV_097312",1.79487179487179
"MOCH","ESV_097185",1.79487179487179
"MOCH","ESV_097955",1.76923076923077
"MOCH","ESV_097987",1.76923076923077
"MOCH","ESV_097860",1.76923076923077
"MOCH","ESV_097548",1.76923076923077
"MOCH","ESV_097536",1.76923076923077
"MOCH","ESV_092850",1.76923076923077
"MOCH","ESV_096997",1.76923076923077
"MOCH","ESV_097821",1.74358974358974
"MOCH","ESV_097830",1.74358974358974
"MOCH","ESV_097630",1.74358974358974
"MOCH","ESV_097746",1.71794871794872
"MOCH","ESV_097586",1.71794871794872
"MOCH","ESV_097591",1.71794871794872
"MOCH","ESV_097340",1.71794871794872
"MOCH","ESV_004778",1.69230769230769
"MOCH","ESV_097600",1.69230769230769
"MOCH","ESV_097645",1.69230769230769
"MOCH","ESV_097402",1.69230769230769
"MOCH","ESV_097015",1.66666666666667
"MOCH","ESV_097020",1.66666666666667
"MOCH","ESV_097213",1.66666666666667
"MOCH","ESV_097121",1.66666666666667
"MOCH","ESV_097188",1.66666666666667
"MOCH","ESV_097926",1.64102564102564
"MOCH","ESV_097527",1.64102564102564
"MOCH","ESV_097207",1.64102564102564
"MOCH","ESV_098003",1.61538461538462
"MOCH","ESV_097175",1.61538461538462
"MOCH","ESV_097541",1.58974358974359
"MOCH","ESV_097820",1.56410256410256
"MOCH","ESV_097819",1.56410256410256
"MOCH","ESV_097731",1.56410256410256
"MOCH","ESV_097355",1.56410256410256
"MOCH","ESV_097245",1.56410256410256
"MOCH","ESV_056405",1.53846153846154
"MOCH","ESV_097628",1.53846153846154
"MOCH","ESV_097346",1.53846153846154
"MOCH","ESV_097249",1.53846153846154
"MOCH","ESV_097145",1.53846153846154
"MOCH","ESV_097024",1.53846153846154
"MOCH","ESV_097013",1.51282051282051
"MOCH","ESV_097466",1.51282051282051
"MOCH","ESV_097368",1.51282051282051
"MOCH","ESV_097921",1.48717948717949
"MOCH","ESV_097538",1.48717948717949
"MOCH","ESV_097414",1.48717948717949
"MOCH","ESV_097392",1.46153846153846
"MOCH","ESV_097292",1.46153846153846
"MOCH","ESV_097362",1.46153846153846
"MOCH","ESV_097287",1.46153846153846
"MOCH","ESV_097215",1.46153846153846
"MOCH","ESV_097076",1.46153846153846
"MOCH","ESV_097932",1.43589743589744
"MOCH","ESV_097772",1.43589743589744
"MOCH","ESV_097685",1.43589743589744
"MOCH","ESV_097235",1.43589743589744
"MOCH","ESV_097651",1.41025641025641
"MOCH","ESV_097421",1.41025641025641
"MOCH","ESV_097111",1.41025641025641
"MOCH","ESV_097669",1.38461538461538
"MOCH","ESV_001613",1.38461538461538
"MOCH","ESV_097243",1.38461538461538
"MOCH","ESV_097253",1.38461538461538
"MOCH","ESV_097826",1.35897435897436
"MOCH","ESV_002441",1.35897435897436
"MOCH","ESV_097567",1.35897435897436
"MOCH","ESV_097227",1.35897435897436
"MOCH","ESV_097948",1.33333333333333
"MOCH","ESV_097659",1.33333333333333
"MOCH","ESV_097449",1.33333333333333
"MOCH","ESV_097349",1.33333333333333
"MOCH","ESV_040868",1.33333333333333
"MOCH","ESV_097064",1.33333333333333
"MOCH","ESV_097963",1.30769230769231
"MOCH","ESV_097998",1.30769230769231
"MOCH","ESV_097331",1.30769230769231
"MOCH","ESV_097497",1.28205128205128
"MOCH","ESV_097036",1.28205128205128
"MOCH","ESV_097861",1.25641025641026
"MOCH","ESV_097781",1.25641025641026
"MOCH","ESV_097693",1.25641025641026
"MOCH","ESV_097333",1.25641025641026
"MOCH","ESV_097139",1.25641025641026
"MOCH","ESV_097991",1.23076923076923
"MOCH","ESV_098001",1.23076923076923
"MOCH","ESV_097908",1.23076923076923
"MOCH","ESV_004771",1.23076923076923
"MOCH","ESV_097296",1.23076923076923
"MOCH","ESV_096993",1.23076923076923
"MOCH","ESV_097001",1.23076923076923
"MOCH","ESV_097964",1.20512820512821
"MOCH","ESV_097917",1.20512820512821
"MOCH","ESV_097668",1.20512820512821
"MOCH","ESV_097556",1.20512820512821
"MOCH","ESV_097153",1.20512820512821
"MOCH","ESV_097855",1.17948717948718
"MOCH","ESV_097603",1.17948717948718
"MOCH","ESV_097689",1.15384615384615
"MOCH","ESV_097615",1.15384615384615
"MOCH","ESV_096981",1.15384615384615
"MOCH","ESV_097304",1.15384615384615
"MOCH","ESV_097777",1.12820512820513
"MOCH","ESV_097732",1.12820512820513
"MOCH","ESV_097547",1.12820512820513
"MOCH","ESV_097451",1.12820512820513
"MOCH","ESV_097023",1.1025641025641
"MOCH","ESV_097808",1.1025641025641
"MOCH","ESV_097717",1.1025641025641
"MOCH","ESV_097735",1.1025641025641
"MOCH","ESV_097665",1.1025641025641
"MOCH","ESV_097429",1.1025641025641
"MOCH","ESV_097378",1.1025641025641
"MOCH","ESV_097338",1.1025641025641
"MOCH","ESV_097960",1.07692307692308
"MOCH","ESV_097212",1.07692307692308
"MOCH","ESV_097138",1.07692307692308
"MOCH","ESV_097184",1.07692307692308
"MOCH","ESV_097042",1.07692307692308
"MOCH","ESV_097787",1.05128205128205
"MOCH","ESV_097300",1.05128205128205
"MOCH","ESV_097244",1.05128205128205
"MOCH","ESV_097079",1.05128205128205
"MOCH","ESV_097792",1.02564102564103
"MOCH","ESV_097478",1.02564102564103
"MOCH","ESV_097522",1.02564102564103
"MOCH","ESV_097319",1.02564102564103
"MOCH","ESV_097588",1
"MOCH","ESV_097629",1
"MOCH","ESV_097468",1
"MOCH","ESV_097480",1
"MOCH","ESV_097461",1
"MOCH","ESV_097332",1
"MOCH","ESV_097165",1
"MOCH","ESV_097173",1
"MOCH","ESV_097982",0.974358974358974
"MOCH","ESV_097962",0.974358974358974
"MOCH","ESV_097937",0.974358974358974
"MOCH","ESV_097850",0.974358974358974
"MOCH","ESV_097592",0.974358974358974
"MOCH","ESV_097501",0.974358974358974
"MOCH","ESV_097463",0.974358974358974
"MOCH","ESV_097363",0.974358974358974
"MOCH","ESV_097320",0.974358974358974
"MOCH","ESV_097851",0.948717948717949
"MOCH","ESV_097842",0.948717948717949
"MOCH","ESV_097816",0.948717948717949
"MOCH","ESV_097743",0.948717948717949
"MOCH","ESV_097570",0.948717948717949
"MOCH","ESV_097696",0.948717948717949
"MOCH","ESV_097577",0.948717948717949
"MOCH","ESV_097560",0.948717948717949
"MOCH","ESV_097828",0.923076923076923
"MOCH","ESV_097581",0.923076923076923
"MOCH","ESV_097557",0.923076923076923
"MOCH","ESV_097447",0.923076923076923
"MOCH","ESV_097052",0.923076923076923
"MOCH","ESV_097935",0.897435897435897
"MOCH","ESV_097807",0.897435897435897
"MOCH","ESV_097782",0.897435897435897
"MOCH","ESV_097691",0.897435897435897
"MOCH","ESV_097578",0.897435897435897
"MOCH","ESV_097415",0.897435897435897
"MOCH","ESV_097208",0.897435897435897
"MOCH","ESV_097128",0.897435897435897
"MOCH","ESV_097045",0.897435897435897
"MOCH","ESV_097875",0.871794871794872
"MOCH","ESV_097823",0.871794871794872
"MOCH","ESV_097552",0.871794871794872
"MOCH","ESV_097353",0.871794871794872
"MOCH","ESV_097938",0.846153846153846
"MOCH","ESV_097833",0.846153846153846
"MOCH","ESV_097250",0.846153846153846
"MOCH","ESV_097151",0.846153846153846
"MOCH","ESV_096994",0.846153846153846
"MOCH","ESV_097946",0.82051282051282
"MOCH","ESV_097880",0.82051282051282
"MOCH","ESV_097623",0.82051282051282
"MOCH","ESV_097396",0.82051282051282
"MOCH","ESV_097315",0.82051282051282
"MOCH","ESV_097205",0.82051282051282
"MOCH","ESV_097220",0.82051282051282
"MOCH","ESV_097136",0.82051282051282
"MOCH","ESV_097942",0.794871794871795
"MOCH","ESV_097800",0.794871794871795
"MOCH","ESV_097725",0.794871794871795
"MOCH","ESV_004562",0.794871794871795
"MOCH","ESV_097209",0.794871794871795
"MOCH","ESV_097142",0.794871794871795
"MOCH","ESV_097065",0.794871794871795
"MOCH","ESV_097984",0.769230769230769
"MOCH","ESV_011960",0.769230769230769
"MOCH","ESV_097446",0.769230769230769
"MOCH","ESV_097442",0.769230769230769
"MOCH","ESV_097202",0.769230769230769
"MOCH","ESV_097107",0.769230769230769
"MOCH","ESV_097075",0.769230769230769
"MOCH","ESV_097977",0.743589743589744
"MOCH","ESV_097789",0.743589743589744
"MOCH","ESV_097730",0.743589743589744
"MOCH","ESV_097661",0.743589743589744
"MOCH","ESV_097636",0.743589743589744
"MOCH","ESV_097374",0.743589743589744
"MOCH","ESV_097302",0.743589743589744
"MOCH","ESV_096991",0.743589743589744
"MOCH","ESV_097846",0.717948717948718
"MOCH","ESV_097783",0.717948717948718
"MOCH","ESV_097690",0.717948717948718
"MOCH","ESV_097519",0.717948717948718
"MOCH","ESV_097524",0.717948717948718
"MOCH","ESV_097526",0.717948717948718
"MOCH","ESV_097113",0.717948717948718
"MOCH","ESV_097911",0.692307692307692
"MOCH","ESV_097785",0.692307692307692
"MOCH","ESV_097715",0.692307692307692
"MOCH","ESV_097071",0.692307692307692
"MOCH","ESV_097448",0.692307692307692
"MOCH","ESV_097375",0.692307692307692
"MOCH","ESV_097282",0.692307692307692
"MOCH","ESV_097100",0.692307692307692
"MOCH","ESV_097167",0.692307692307692
"MOCH","ESV_097949",0.666666666666667
"MOCH","ESV_097863",0.666666666666667
"MOCH","ESV_097852",0.666666666666667
"MOCH","ESV_097648",0.666666666666667
"MOCH","ESV_097482",0.666666666666667
"MOCH","ESV_097458",0.666666666666667
"MOCH","ESV_090602",0.666666666666667
"MOCH","ESV_097037",0.666666666666667
"MOCH","ESV_011405",0.666666666666667
"MOCH","ESV_097952",0.641025641025641
"MOCH","ESV_097839",0.641025641025641
"MOCH","ESV_097666",0.641025641025641
"MOCH","ESV_097646",0.641025641025641
"MOCH","ESV_097575",0.641025641025641
"MOCH","ESV_097604",0.641025641025641
"MOCH","ESV_097474",0.641025641025641
"MOCH","ESV_097500",0.641025641025641
"MOCH","ESV_097423",0.641025641025641
"MOCH","ESV_097306",0.641025641025641
"MOCH","ESV_097160",0.641025641025641
"MOCH","ESV_097031",0.641025641025641
"MOCH","ESV_097951",0.615384615384615
"MOCH","ESV_097879",0.615384615384615
"MOCH","ESV_097928",0.615384615384615
"MOCH","ESV_097350",0.615384615384615
"MOCH","ESV_097283",0.615384615384615
"MOCH","ESV_097291",0.615384615384615
"MOCH","ESV_097192",0.615384615384615
"MOCH","ESV_097025",0.615384615384615
"MOCH","ESV_097051",0.615384615384615
"MOCH","ESV_097929",0.58974358974359
"MOCH","ESV_097829",0.58974358974359
"MOCH","ESV_097836",0.58974358974359
"MOCH","ESV_097582",0.58974358974359
"MOCH","ESV_097564",0.58974358974359
"MOCH","ESV_097371",0.58974358974359
"MOCH","ESV_097390",0.58974358974359
"MOCH","ESV_097186",0.58974358974359
"MOCH","ESV_097109",0.58974358974359
"MOCH","ESV_097069",0.58974358974359
"MOCH","ESV_097063",0.58974358974359
"MOCH","ESV_097029",0.58974358974359
"MOCH","ESV_097757",0.564102564102564
"MOCH","ESV_097776",0.564102564102564
"MOCH","ESV_097483",0.564102564102564
"MOCH","ESV_097545",0.564102564102564
"MOCH","ESV_097551",0.564102564102564
"MOCH","ESV_097441",0.564102564102564
"MOCH","ESV_097399",0.564102564102564
"MOCH","ESV_097385",0.564102564102564
"MOCH","ESV_097373",0.564102564102564
"MOCH","ESV_097289",0.564102564102564
"MOCH","ESV_097116",0.564102564102564
"MOCH","ESV_097090",0.564102564102564
"MOCH","ESV_097961",0.538461538461538
"MOCH","ESV_097958",0.538461538461538
"MOCH","ESV_097923",0.538461538461538
"MOCH","ESV_097809",0.538461538461538
"MOCH","ESV_097853",0.538461538461538
"MOCH","ESV_097714",0.538461538461538
"MOCH","ESV_097571",0.538461538461538
"MOCH","ESV_097576",0.538461538461538
"MOCH","ESV_097505",0.538461538461538
"MOCH","ESV_097425",0.538461538461538
"MOCH","ESV_097394",0.538461538461538
"MOCH","ESV_097443",0.538461538461538
"MOCH","ESV_097198",0.538461538461538
"MOCH","ESV_097171",0.538461538461538
"MOCH","ESV_097163",0.538461538461538
"MOCH","ESV_097161",0.538461538461538
"MOCH","ESV_097038",0.538461538461538
"MOCH","ESV_097967",0.512820512820513
"MOCH","ESV_097919",0.512820512820513
"MOCH","ESV_097720",0.512820512820513
"MOCH","ESV_083659",0.512820512820513
"MOCH","ESV_097502",0.512820512820513
"MOCH","ESV_097488",0.512820512820513
"MOCH","ESV_097323",0.512820512820513
"MOCH","ESV_097170",0.512820512820513
"MOCH","ESV_097012",0.512820512820513
"MOCH","ESV_097664",0.487179487179487
"MOCH","ESV_097703",0.487179487179487
"MOCH","ESV_097711",0.487179487179487
"MOCH","ESV_097612",0.487179487179487
"MOCH","ESV_097428",0.487179487179487
"MOCH","ESV_097239",0.487179487179487
"MOCH","ESV_097078",0.487179487179487
"MOCH","ESV_097656",0.461538461538462
"MOCH","ESV_091741",0.230769230769231
"MOCH","ESV_097580",0.461538461538462
"MOCH","ESV_097562",0.461538461538462
"MOCH","ESV_097453",0.461538461538462
"MOCH","ESV_097418",0.461538461538462
"MOCH","ESV_097358",0.461538461538462
"MOCH","ESV_097228",0.461538461538462
"MOCH","ESV_097150",0.461538461538462
"MOCH","ESV_097092",0.461538461538462
"MOCH","ESV_097906",0.435897435897436
"MOCH","ESV_097831",0.435897435897436
"MOCH","ESV_097869",0.435897435897436
"MOCH","ESV_097758",0.435897435897436
"MOCH","ESV_097472",0.435897435897436
"MOCH","ESV_002592",0.435897435897436
"MOCH","ESV_097445",0.435897435897436
"MOCH","ESV_097457",0.435897435897436
"MOCH","ESV_097336",0.435897435897436
"MOCH","ESV_097345",0.435897435897436
"MOCH","ESV_097193",0.435897435897436
"MOCH","ESV_097954",0.41025641025641
"MOCH","ESV_097916",0.41025641025641
"MOCH","ESV_083573",0.41025641025641
"MOCH","ESV_097811",0.41025641025641
"MOCH","ESV_097594",0.41025641025641
"MOCH","ESV_097559",0.41025641025641
"MOCH","ESV_097432",0.41025641025641
"MOCH","ESV_097395",0.41025641025641
"MOCH","ESV_097118",0.41025641025641
"MOCH","ESV_097122",0.41025641025641
"MOCH","ESV_097043",0.41025641025641
"MOCH","ESV_097761",0.384615384615385
"MOCH","ESV_097791",0.384615384615385
"MOCH","ESV_042060",0.384615384615385
"MOCH","ESV_097773",0.384615384615385
"MOCH","ESV_097614",0.384615384615385
"MOCH","ESV_097608",0.384615384615385
"MOCH","ESV_097467",0.384615384615385
"MOCH","ESV_097426",0.384615384615385
"MOCH","ESV_097359",0.384615384615385
"MOCH","ESV_097224",0.384615384615385
"MOCH","ESV_097132",0.384615384615385
"MOCH","ESV_097162",0.384615384615385
"MOCH","ESV_097026",0.384615384615385
"MOCH","ESV_097941",0.358974358974359
"MOCH","ESV_097873",0.358974358974359
"MOCH","ESV_097849",0.358974358974359
"MOCH","ESV_097847",0.358974358974359
"MOCH","ESV_097797",0.358974358974359
"MOCH","ESV_097741",0.358974358974359
"MOCH","ESV_097673",0.358974358974359
"MOCH","ESV_097654",0.358974358974359
"MOCH","ESV_097587",0.358974358974359
"MOCH","ESV_097637",0.358974358974359
"MOCH","ESV_097633",0.358974358974359
"MOCH","ESV_097626",0.358974358974359
"MOCH","ESV_097544",0.358974358974359
"MOCH","ESV_097437",0.358974358974359
"MOCH","ESV_097240",0.358974358974359
"MOCH","ESV_097195",0.358974358974359
"MOCH","ESV_097214",0.358974358974359
"MOCH","ESV_097179",0.358974358974359
"MOCH","ESV_097101",0.358974358974359
"MOCH","ESV_097187",0.358974358974359
"MOCH","ESV_096987",0.358974358974359
"MOCH","ESV_097884",0.333333333333333
"MOCH","ESV_047299",0.333333333333333
"MOCH","ESV_097771",0.333333333333333
"MOCH","ESV_097774",0.333333333333333
"MOCH","ESV_097671",0.333333333333333
"MOCH","ESV_097702",0.333333333333333
"MOCH","ESV_097565",0.333333333333333
"MOCH","ESV_097634",0.333333333333333
"MOCH","ESV_097619",0.333333333333333
"MOCH","ESV_097639",0.333333333333333
"MOCH","ESV_097558",0.333333333333333
"MOCH","ESV_097563",0.333333333333333
"MOCH","ESV_097303",0.333333333333333
"MOCH","ESV_097210",0.333333333333333
"MOCH","ESV_097206",0.333333333333333
"MOCH","ESV_097189",0.333333333333333
"MOCH","ESV_097140",0.333333333333333
"MOCH","ESV_097102",0.333333333333333
"MOCH","ESV_097959",0.307692307692308
"MOCH","ESV_097976",0.307692307692308
"MOCH","ESV_097920",0.307692307692308
"MOCH","ESV_097775",0.307692307692308
"MOCH","ESV_097728",0.307692307692308
"MOCH","ESV_097707",0.307692307692308
"MOCH","ESV_097698",0.307692307692308
"MOCH","ESV_097644",0.307692307692308
"MOCH","ESV_097638",0.307692307692308
"MOCH","ESV_097647",0.307692307692308
"MOCH","ESV_097512",0.307692307692308
"MOCH","ESV_097440",0.307692307692308
"MOCH","ESV_097391",0.307692307692308
"MOCH","ESV_097313",0.307692307692308
"MOCH","ESV_097199",0.307692307692308
"MOCH","ESV_097183",0.307692307692308
"MOCH","ESV_097174",0.307692307692308
"MOCH","ESV_097966",0.282051282051282
"MOCH","ESV_097950",0.282051282051282
"MOCH","ESV_097990",0.282051282051282
"MOCH","ESV_097871",0.282051282051282
"MOCH","ESV_097786",0.282051282051282
"MOCH","ESV_097652",0.282051282051282
"MOCH","ESV_097688",0.282051282051282
"MOCH","ESV_041131",0.282051282051282
"MOCH","ESV_097631",0.282051282051282
"MOCH","ESV_097650",0.282051282051282
"MOCH","ESV_097459",0.282051282051282
"MOCH","ESV_097311",0.282051282051282
"MOCH","ESV_097381",0.282051282051282
"MOCH","ESV_097388",0.282051282051282
"MOCH","ESV_097242",0.282051282051282
"MOCH","ESV_097284",0.282051282051282
"MOCH","ESV_097156",0.282051282051282
"MOCH","ESV_097155",0.282051282051282
"MOCH","ESV_097009",0.282051282051282
"MOCH","ESV_097014",0.282051282051282
"MOCH","ESV_097953",0.256410256410256
"MOCH","ESV_098002",0.256410256410256
"MOCH","ESV_097934",0.256410256410256
"MOCH","ESV_097835",0.256410256410256
"MOCH","ESV_097662",0.256410256410256
"MOCH","ESV_097640",0.256410256410256
"MOCH","ESV_097433",0.256410256410256
"MOCH","ESV_097322",0.256410256410256
"MOCH","ESV_097357",0.256410256410256
"MOCH","ESV_097285",0.256410256410256
"MOCH","ESV_097203",0.256410256410256
"MOCH","ESV_097225",0.256410256410256
"MOCH","ESV_097129",0.256410256410256
"MOCH","ESV_097133",0.256410256410256
"MOCH","ESV_097159",0.256410256410256
"MOCH","ESV_096995",0.256410256410256
"MOCH","ESV_097827",0.230769230769231
"MOCH","ESV_097716",0.230769230769231
"MOCH","ESV_097658",0.230769230769231
"MOCH","ESV_097641",0.230769230769231
"MOCH","ESV_097476",0.230769230769231
"MOCH","ESV_097514",0.230769230769231
"MOCH","ESV_097430",0.230769230769231
"MOCH","ESV_097281",0.230769230769231
"MOCH","ESV_097098",0.230769230769231
"MOCH","ESV_097141",0.230769230769231
"MOCH","ESV_097011",0.230769230769231
"MOCH","ESV_096996",0.230769230769231
"MOCH","ESV_097933",0.205128205128205
"MOCH","ESV_097573",0.205128205128205
"MOCH","ESV_097579",0.205128205128205
"MOCH","ESV_097554",0.205128205128205
"MOCH","ESV_097326",0.205128205128205
"MOCH","ESV_097387",0.205128205128205
"MOCH","ESV_097361",0.205128205128205
"MOCH","ESV_097383",0.205128205128205
"MOCH","ESV_097083",0.205128205128205
"MOCH","ESV_097019",0.205128205128205
"MOCH","ESV_097840",0.179487179487179
"MOCH","ESV_097812",0.179487179487179
"MOCH","ESV_097660",0.179487179487179
"MOCH","ESV_021083",0.179487179487179
"MOCH","ESV_097416",0.179487179487179
"MOCH","ESV_097241",0.179487179487179
"MOCH","ESV_097152",0.179487179487179
"MOCH","ESV_097971",0.153846153846154
"MOCH","ESV_097643",0.153846153846154
"MOCH","ESV_097520",0.153846153846154
"MOCH","ESV_097985",0.128205128205128
"MOCH","ESV_097837",0.128205128205128
"MOCH","ESV_097305",0.128205128205128
"MOCH","ESV_097354",0.128205128205128
"MOCH","ESV_097247",0.128205128205128
"MOCH","ESV_097123",0.128205128205128
"MOCH","ESV_097080",0.128205128205128
"MOCH","ESV_097663",0.102564102564103
"MOCH","ESV_097238",0.102564102564103
"MOCH","ESV_097018",0.102564102564103
